"CONTINENT","REGION","WHO_REGION","ADMIN0","ADMIN0ID","ADMIN0_FIP","ADMIN0ISO2","ADMIN0ISO3","ADMIN1","ADMIN1ID","ADMIN2","ADMIN2ID","Alt_ADMIN2","ADMIN3","ADMIN3ID","IUs_ADM","IUs_NAME","IU_ID","IU_CODE","Year","PopTot","PopPreSAC","PopSAC","PopAdult","Endemicity","PopReq","PopTrg","PopTreat","Cov","Cum_MDA","MDA","EffMDA","MDA_n","EffMDA_n","EpiCov","EpiMDA","EpiEffMDA","EpiMDA_n","EpiEffMDA_n","MDA_scheme","JRF_submitted","Endemicity_ID"
"Africa","Eastern Africa","AFRO","Uganda","44","UG","UG","UGA","Northern Region","5123","ABIM","49706",null,null,"0","ADM2","ABIM","49706","UGA0512349706","2022","138660","19690","41875","72242","Non-endemic","0","0","0","0.0","6","0","0","0","0","0.0","0","0","0","0","Not delivered","1","0"
"Africa","Eastern Africa","AFRO","Uganda","44","UG","UG","UGA","Northern Region","5123","ADJUMANI","49707",null,null,"0","ADM2","ADJUMANI","49707","UGA0512349707","2022","296056","42040","89409","154245","Endemic (under MDA)","27062","27062","25867","95.579999999999998","23","1","1","8","7","95.579999999999998","1","1","8","6","IVM","1","2"
"Africa","Eastern Africa","AFRO","Uganda","44","UG","UG","UGA","Northern Region","5123","AMOLATAR","49708",null,null,"0","ADM2","AMOLATAR","49708","UGA0512349708","2022","186811","26527","56417","97329","Non-endemic","0","0","0","0.0","8","0","0","0","0","0.0","0","0","0","0","Not delivered","1","0"
"Africa","Eastern Africa","AFRO","Uganda","44","UG","UG","UGA","Eastern Region","5125","AMURIA","49709",null,null,"0","ADM2","AMURIA","49709","UGA0512549709","2022","232721","33046","70282","121248","Non-endemic","0","0","0","0.0","7","0","0","0","0","0.0","0","0","0","0","Not delivered","1","0"
"Africa","Eastern Africa","AFRO","Uganda","44","UG","UG","UGA","Northern Region","5123","AMURU","49710",null,null,"0","ADM2","AMURU","49710","UGA0512349710","2022","242268","34402","73165","126222","Endemic (under MDA)","234807","234807","219677","93.560000000000002","24","1","1","8","8","93.560000000000002","1","1","8","7","IVM","1","2"
"Africa","Eastern Africa","AFRO","Uganda","44","UG","UG","UGA","Northern Region","5123","APAC","49711",null,null,"0","ADM2","APAC","49711","UGA0512349711","2022","235743","33476","71194","122822","Non-endemic","0","0","0","0.0","6","0","0","0","0","0.0","0","0","0","0","Not delivered","1","0"
"Africa","Eastern Africa","AFRO","Uganda","44","UG","UG","UGA","Northern Region","5123","ARUA","49712",null,null,"0","ADM2","ARUA","49712","UGA0512349712","2022","822129","116742","248283","428329","Endemic (under post-intervention surveillance)","0","0","0","0.0","21","0","0","5","3","0.0","0","0","5","4","Not delivered","1","3"
"Africa","Eastern Africa","AFRO","Uganda","44","UG","UG","UGA","Northern Region","5123","Agago","49713",null,null,"0","ADM2","Agago","49713","UGA0512349713","2022","289282","41078","87363","150716","Non-endemic","0","0","0","0.0","3","0","0","0","0","0.0","0","0","0","0","Not delivered","1","0"
"Africa","Eastern Africa","AFRO","Uganda","44","UG","UG","UGA","Northern Region","5123","Alebtong","49714",null,null,"0","ADM2","Alebtong","49714","UGA0512349714","2022","286533","40688","86533","149284","Non-endemic","0","0","0","0.0","2","0","0","0","0","0.0","0","0","0","0","Not delivered","1","0"
"Africa","Eastern Africa","AFRO","Uganda","44","UG","UG","UGA","Northern Region","5123","Amudat","49715",null,null,"0","ADM2","Amudat","49715","UGA0512349715","2022","142120","20181","42920","74045","Non-endemic","0","0","0","0.0","2","0","0","0","0","0.0","0","0","0","0","Not delivered","1","0"
"Africa","Eastern Africa","AFRO","Uganda","44","UG","UG","UGA","Eastern Region","5125","BUDAKA","49716",null,null,"0","ADM2","BUDAKA","49716","UGA0512549716","2022","265060","37639","80048","138096","Non-endemic","0","0","0","0.0","6","0","0","0","0","0.0","0","0","0","0","Not delivered","1","0"
"Africa","Eastern Africa","AFRO","Uganda","44","UG","UG","UGA","Eastern Region","5125","BUDUDA","49717",null,null,"0","ADM2","BUDUDA","49717","UGA0512549717","2022","269188","38225","81295","140247","Endemic (under post-intervention surveillance)","0","0","0","0.0","13","0","0","0","0","0.0","0","0","0","0","Not delivered","1","3"
"Africa","Eastern Africa","AFRO","Uganda","44","UG","UG","UGA","Eastern Region","5125","BUGIRI","49718",null,null,"0","ADM2","BUGIRI","49718","UGA0512549718","2022","496042","70438","149805","258438","Non-endemic","0","0","0","0.0","5","0","0","0","0","0.0","0","0","0","0","Not delivered","1","0"
"Africa","Eastern Africa","AFRO","Uganda","44","UG","UG","UGA","Eastern Region","5125","BUKEDEA","49719",null,null,"0","ADM2","BUKEDEA","49719","UGA0512549719","2022","240239","34114","72552","125165","Non-endemic","0","0","0","0.0","6","0","0","0","0","0.0","0","0","0","0","Not delivered","1","0"
"Africa","Eastern Africa","AFRO","Uganda","44","UG","UG","UGA","Western Region","5126","BULIISA","49720",null,null,"0","ADM2","BULIISA","49720","UGA0512649720","2022","144421","20508","43615","75243","Endemic (under post-intervention surveillance)","0","0","0","0.0","21","0","0","4","4","0.0","0","0","4","4","Not delivered","1","3"
"Africa","Eastern Africa","AFRO","Uganda","44","UG","UG","UGA","Western Region","5126","BUNDIBUGYO","49721",null,null,"0","ADM2","BUNDIBUGYO","49721","UGA0512649721","2022","285031","40474","86079","148501","Non-endemic","0","0","0","0.0","5","0","0","0","0","0.0","0","0","0","0","Not delivered","1","0"
"Africa","Eastern Africa","AFRO","Uganda","44","UG","UG","UGA","Western Region","5126","BUSHENYI","49722",null,null,"0","ADM2","BUSHENYI","49722","UGA0512649722","2022","299628","42547","90488","156106","Endemic (under post-intervention surveillance)","0","0","0","0.0","13","0","0","0","0","0.0","0","0","0","0","Not delivered","1","3"
"Africa","Eastern Africa","AFRO","Uganda","44","UG","UG","UGA","Eastern Region","5125","BUSIA","49723",null,null,"0","ADM2","BUSIA","49723","UGA0512549723","2022","413954","58781","125014","215670","Non-endemic","0","0","0","0.0","0","0","0","0","0","0.0","0","0","0","0","Not delivered","1","0"
"Africa","Eastern Africa","AFRO","Uganda","44","UG","UG","UGA","Western Region","5126","Buhweju","49724",null,null,"0","ADM2","Buhweju","49724","UGA0512649724","2022","157744","22400","47639","82185","Endemic (under post-intervention surveillance)","0","0","0","0.0","15","0","0","0","0","0.0","0","0","0","0","Not delivered","1","3"
"Africa","Eastern Africa","AFRO","Uganda","44","UG","UG","UGA","Central Region","5124","Buikwe","49725",null,null,"0","ADM2","Buikwe","49725","UGA0512449725","2022","554956","78804","167597","289132","Non-endemic","0","0","0","0.0","0","0","0","0","0","0.0","0","0","0","0","Not delivered","1","0"
"Africa","Eastern Africa","AFRO","Uganda","44","UG","UG","UGA","Central Region","5124","Bukomansimbi","49726",null,null,"0","ADM2","Bukomansimbi","49726","UGA0512449726","2022","192113","27280","58018","100091","Non-endemic","0","0","0","0.0","0","0","0","0","0","0.0","0","0","0","0","Not delivered","1","0"
"Africa","Eastern Africa","AFRO","Uganda","44","UG","UG","UGA","Eastern Region","5125","Bukwo","49727",null,null,"0","ADM2","Bukwo","49727","UGA0512549727","2022","113498","16117","34276","59132","Non-endemic","0","0","0","0.0","0","0","0","0","0","0.0","0","0","0","0","Not delivered","1","0"
"Africa","Eastern Africa","AFRO","Uganda","44","UG","UG","UGA","Eastern Region","5125","Bulambuli","49728",null,null,"0","ADM2","Bulambuli","49728","UGA0512549728","2022","225495","32020","68099","117483","Non-endemic","0","0","0","0.0","0","0","0","0","0","0.0","0","0","0","0","Not delivered","1","0"
"Africa","Eastern Africa","AFRO","Uganda","44","UG","UG","UGA","Eastern Region","5125","Butaleja","49729",null,null,"0","ADM2","Butaleja","49729","UGA0512549729","2022","312665","44398","94425","162898","Non-endemic","0","0","0","0.0","6","0","0","0","0","0.0","0","0","0","0","Not delivered","1","0"
"Africa","Eastern Africa","AFRO","Uganda","44","UG","UG","UGA","Central Region","5124","Butambala","49730",null,null,"0","ADM2","Butambala","49730","UGA0512449730","2022","127767","18143","38586","66567","Non-endemic","0","0","0","0.0","0","0","0","0","0","0.0","0","0","0","0","Not delivered","1","0"
"Africa","Eastern Africa","AFRO","Uganda","44","UG","UG","UGA","Central Region","5124","Buvuma","49731",null,null,"0","ADM2","Buvuma","49731","UGA0512449731","2022","114401","16245","34549","59603","Non-endemic","0","0","0","0.0","0","0","0","0","0","0.0","0","0","0","0","Not delivered","1","0"
"Africa","Eastern Africa","AFRO","Uganda","44","UG","UG","UGA","Eastern Region","5125","Buyende","49732",null,null,"0","ADM2","Buyende","49732","UGA0512549732","2022","407521","57868","123071","212318","Non-endemic","0","0","0","0.0","3","0","0","0","0","0.0","0","0","0","0","Not delivered","1","0"
"Africa","Eastern Africa","AFRO","Uganda","44","UG","UG","UGA","Northern Region","5123","DOKOLO","49733",null,null,"0","ADM2","DOKOLO","49733","UGA0512349733","2022","232174","32969","70117","120963","Non-endemic","0","0","0","0.0","8","0","0","0","0","0.0","0","0","0","0","Not delivered","1","0"
"Africa","Eastern Africa","AFRO","Uganda","44","UG","UG","UGA","Northern Region","5123","GULU","49734",null,null,"0","ADM2","GULU","49734","UGA0512349734","2022","398162","56539","120245","207442","Endemic (under MDA)","140174","140174","137341","97.980000000000004","23","1","1","8","6","97.980000000000004","1","1","8","5","IVM","1","2"
"Africa","Eastern Africa","AFRO","Uganda","44","UG","UG","UGA","Central Region","5124","Gomba","49735",null,null,"0","ADM2","Gomba","49735","UGA0512449735","2022","203559","28905","61475","106054","Non-endemic","0","0","0","0.0","0","0","0","0","0","0.0","0","0","0","0","Not delivered","1","0"
"Africa","Eastern Africa","AFRO","Uganda","44","UG","UG","UGA","Western Region","5126","HOIMA","49736",null,null,"0","ADM2","HOIMA","49736","UGA0512649736","2022","392526","55739","118543","204506","Endemic (under post-intervention surveillance)","0","0","0","0.0","21","0","0","4","3","0.0","0","0","4","2","Not delivered","1","3"
"Africa","Eastern Africa","AFRO","Uganda","44","UG","UG","UGA","Western Region","5126","IBANDA","49737",null,null,"0","ADM2","IBANDA","49737","UGA0512649737","2022","315476","44798","95274","164363","Endemic (under post-intervention surveillance)","0","0","0","0.0","15","0","0","0","0","0.0","0","0","0","0","Not delivered","1","3"
"Africa","Eastern Africa","AFRO","Uganda","44","UG","UG","UGA","Eastern Region","5125","IGANGA","49738",null,null,"0","ADM2","IGANGA","49738","UGA0512549738","2022","429208","60948","129621","223617","Non-endemic","0","0","0","0.0","6","0","0","0","0","0.0","0","0","0","0","Not delivered","1","0"
"Africa","Eastern Africa","AFRO","Uganda","44","UG","UG","UGA","Western Region","5126","Insingiro","49739",null,null,"0","ADM2","Insingiro","49739","UGA0512649739","2022","625808","88865","188994","326046","Non-endemic","0","0","0","0.0","0","0","0","0","0","0.0","0","0","0","0","Not delivered","1","0"
"Africa","Eastern Africa","AFRO","Uganda","44","UG","UG","UGA","Eastern Region","5125","Jinja","49740",null,null,"0","ADM2","Jinja","49740","UGA0512549740","2022","595463","84556","179830","310236","Non-endemic","0","0","0","0.0","0","0","0","0","0","0.0","0","0","0","0","Not delivered","1","0"
"Africa","Eastern Africa","AFRO","Uganda","44","UG","UG","UGA","Western Region","5126","KABALE","49741",null,null,"0","ADM2","KABALE","49741","UGA0512649741","2022","295662","41984","89290","154040","Non-endemic","0","0","0","0.0","16","0","0","0","0","0.0","0","0","0","0","Not delivered","1","0"
"Africa","Eastern Africa","AFRO","Uganda","44","UG","UG","UGA","Western Region","5126","KABAROLE","49742",null,null,"0","ADM2","KABAROLE","49742","UGA0512649742","2022","385216","54701","116335","200698","Endemic (under post-intervention surveillance)","0","0","0","0.0","13","0","0","0","0","0.0","0","0","0","0","Not delivered","1","3"
"Africa","Eastern Africa","AFRO","Uganda","44","UG","UG","UGA","Eastern Region","5125","KABERAMAIDO","49743",null,null,"0","ADM2","KABERAMAIDO","49743","UGA0512549743","2022","131992","18743","39862","68768","Non-endemic","0","0","0","0.0","7","0","0","0","0","0.0","0","0","0","0","Not delivered","1","0"
"Africa","Eastern Africa","AFRO","Uganda","44","UG","UG","UGA","Northern Region","5123","KABONG","49744",null,null,"0","ADM2","KABONG","49744","UGA0512349744","2022","140458","19945","42418","73179","Non-endemic","0","0","0","0.0","6","0","0","0","0","0.0","0","0","0","0","Not delivered","1","0"
"Africa","Eastern Africa","AFRO","Uganda","44","UG","UG","UGA","Central Region","5124","KALANGALA","49745",null,null,"0","ADM2","KALANGALA","49745","UGA0512449745","2022","67911","9643","20509","35382","Non-endemic","0","0","0","0.0","0","0","0","0","0","0.0","0","0","0","0","Not delivered","1","0"
"Africa","Eastern Africa","AFRO","Uganda","44","UG","UG","UGA","Eastern Region","5125","KALIRO","49746",null,null,"0","ADM2","KALIRO","49746","UGA0512549746","2022","301289","42783","90989","156972","Non-endemic","0","0","0","0.0","7","0","0","0","0","0.0","0","0","0","0","Not delivered","1","0"
"Africa","Eastern Africa","AFRO","Uganda","44","UG","UG","UGA","Eastern Region","5125","KAMULI","49747",null,null,"0","ADM2","KAMULI","49747","UGA0512549747","2022","623427","88527","188275","324805","Non-endemic","0","0","0","0.0","6","0","0","0","0","0.0","0","0","0","0","Not delivered","1","0"
"Africa","Eastern Africa","AFRO","Uganda","44","UG","UG","UGA","Western Region","5126","KAMWENGE","49748",null,null,"0","ADM2","KAMWENGE","49748","UGA0512649748","2022","350827","49817","105950","182781","Endemic (under post-intervention surveillance)","0","0","0","0.0","15","0","0","0","0","0.0","0","0","0","0","Not delivered","1","3"
"Africa","Eastern Africa","AFRO","Uganda","44","UG","UG","UGA","Western Region","5126","KANUNGU","49749",null,null,"0","ADM2","KANUNGU","49749","UGA0512649749","2022","320555","45519","96808","167009","Endemic (under post-intervention surveillance)","0","0","0","0.0","20","0","0","4","3","0.0","0","0","4","1","Not delivered","1","3"
"Africa","Eastern Africa","AFRO","Uganda","44","UG","UG","UGA","Western Region","5126","KASESE","49750",null,null,"0","ADM2","KASESE","49750","UGA0512649750","2022","892735","126768","269606","465115","Endemic (under MDA)","128614","128614","123965","96.390000000000001","25","1","1","8","7","96.390000000000001","1","1","8","7","IVM","1","2"
"Africa","Eastern Africa","AFRO","Uganda","44","UG","UG","UGA","Eastern Region","5125","KATAKWI","49751",null,null,"0","ADM2","KATAKWI","49751","UGA0512549751","2022","210522","29894","63578","109682","Non-endemic","0","0","0","0.0","8","0","0","0","0","0.0","0","0","0","0","Not delivered","1","0"
"Africa","Eastern Africa","AFRO","Uganda","44","UG","UG","UGA","Western Region","5126","Kagadi","49752",null,null,"0","ADM2","Kagadi","49752","UGA0512649752","2022","448655","63709","135494","233749","Endemic (under post-intervention surveillance)","0","0","0","0.0","14","0","0","0","0","0.0","0","0","0","0","Not delivered","1","3"
"Africa","Eastern Africa","AFRO","Uganda","44","UG","UG","UGA","Western Region","5126","KISORO","49753",null,null,"0","ADM2","KISORO","49753","UGA0512649753","2022","365191","51857","110288","190265","Endemic (under post-intervention surveillance)","0","0","0","0.0","21","0","0","4","3","0.0","0","0","4","1","Not delivered","1","3"
"Africa","Eastern Africa","AFRO","Uganda","44","UG","UG","UGA","Northern Region","5123","KOBOKO","49754",null,null,"0","ADM2","KOBOKO","49754","UGA0512349754","2022","264708","37589","79942","137913","Endemic (under post-intervention surveillance)","0","0","0","0.0","16","0","0","2","2","0.0","0","0","2","2","Not delivered","1","3"
"Africa","Eastern Africa","AFRO","Uganda","44","UG","UG","UGA","Northern Region","5123","KOTIDO","49755",null,null,"0","ADM2","KOTIDO","49755","UGA0512349755","2022","227508","32306","68707","118532","Non-endemic","0","0","0","0.0","7","0","0","0","0","0.0","0","0","0","0","Not delivered","1","0"
"Africa","Eastern Africa","AFRO","Uganda","44","UG","UG","UGA","Eastern Region","5125","KUMI","49756",null,null,"0","ADM2","KUMI","49756","UGA0512549756","2022","328178","46601","99110","170981","Non-endemic","0","0","0","0.0","6","0","0","0","0","0.0","0","0","0","0","Not delivered","1","0"
"Africa","Eastern Africa","AFRO","Uganda","44","UG","UG","UGA","Western Region","5126","KYENJOJO","49757",null,null,"0","ADM2","KYENJOJO","49757","UGA0512649757","2022","508790","72248","153655","265080","Endemic (under post-intervention surveillance)","0","0","0","0.0","13","0","0","0","0","0.0","0","0","0","0","Not delivered","1","3"
"Africa","Eastern Africa","AFRO","Uganda","44","UG","UG","UGA","Central Region","5124","Kalungu","49758",null,null,"0","ADM2","Kalungu","49758","UGA0512449758","2022","234153","33250","70714","121994","Non-endemic","0","0","0","0.0","0","0","0","0","0","0.0","0","0","0","0","Not delivered","1","0"
"Africa","Eastern Africa","AFRO","Uganda","44","UG","UG","UGA","Central Region","5124","Kampala","49759",null,null,"0","ADM2","Kampala","49759","UGA0512449759","2022","1928090","273788","582282","1004530","Non-endemic","0","0","0","0.0","0","0","0","0","0","0.0","0","0","0","0","Not delivered","1","0"
"Africa","Eastern Africa","AFRO","Uganda","44","UG","UG","UGA","Eastern Region","5125","Kapchorwa","49760",null,null,"0","ADM2","Kapchorwa","49760","UGA0512549760","2022","141864","20145","42843","73911","Non-endemic","0","0","0","0.0","0","0","0","0","0","0.0","0","0","0","0","Not delivered","1","0"
"Africa","Eastern Africa","AFRO","Uganda","44","UG","UG","UGA","Central Region","5124","Kayunga","49761",null,null,"0","ADM2","Kayunga","49761","UGA0512449761","2022","470778","66850","142175","245275","Non-endemic","0","0","0","0.0","0","0","0","0","0","0.0","0","0","0","0","Not delivered","1","0"
"Africa","Eastern Africa","AFRO","Uganda","44","UG","UG","UGA","Central Region","5124","Kiboga","49762",null,null,"0","ADM2","Kiboga","49762","UGA0512449762","2022","188484","26765","56922","98200","Non-endemic","0","0","0","0.0","0","0","0","0","0","0.0","0","0","0","0","Not delivered","1","0"
"Africa","Eastern Africa","AFRO","Uganda","44","UG","UG","UGA","Eastern Region","5125","Kibuku","49763",null,null,"0","ADM2","Kibuku","49763","UGA0512549763","2022","257672","36589","77817","134247","Non-endemic","0","0","0","0.0","3","0","0","0","0","0.0","0","0","0","0","Not delivered","1","0"
"Africa","Eastern Africa","AFRO","Uganda","44","UG","UG","UGA","Western Region","5126","Kiruhura","49764",null,null,"0","ADM2","Kiruhura","49764","UGA0512649764","2022","192890","27390","58253","100496","Non-endemic","0","0","0","0.0","0","0","0","0","0","0.0","0","0","0","0","Not delivered","1","0"
"Africa","Eastern Africa","AFRO","Uganda","44","UG","UG","UGA","Western Region","5126","Kiryandongo","49765",null,null,"0","ADM2","Kiryandongo","49765","UGA0512649765","2022","341044","48428","102995","177684","Non-endemic","0","0","0","0.0","0","0","0","0","0","0.0","0","0","0","0","Not delivered","1","0"
"Africa","Eastern Africa","AFRO","Uganda","44","UG","UG","UGA","Northern Region","5123","Kitgum","49766",null,null,"0","ADM2","Kitgum","49766","UGA0512349766","2022","259428","36839","78347","135162","Endemic (under MDA)","95226","95226","88236","92.659999999999997","12","1","1","8","7","92.659999999999997","1","1","8","6","IVM","1","2"
"Africa","Eastern Africa","AFRO","Uganda","44","UG","UG","UGA","Northern Region","5123","Kole","49767",null,null,"0","ADM2","Kole","49767","UGA0512349767","2022","307583","43677","92890","160251","Non-endemic","0","0","0","0.0","3","0","0","0","0","0.0","0","0","0","0","Not delivered","1","0"
"Africa","Eastern Africa","AFRO","Uganda","44","UG","UG","UGA","Eastern Region","5125","Kween","49768",null,null,"0","ADM2","Kween","49768","UGA0512549768","2022","121597","17267","36722","63352","Non-endemic","0","0","0","0.0","0","0","0","0","0","0.0","0","0","0","0","Not delivered","1","0"
"Africa","Eastern Africa","AFRO","Uganda","44","UG","UG","UGA","Central Region","5124","Kyankwanzi","49769",null,null,"0","ADM2","Kyankwanzi","49769","UGA0512449769","2022","273014","38768","82450","142240","Non-endemic","0","0","0","0.0","0","0","0","0","0","0.0","0","0","0","0","Not delivered","1","0"
"Africa","Eastern Africa","AFRO","Uganda","44","UG","UG","UGA","Western Region","5126","Kyegegwa","49770",null,null,"0","ADM2","Kyegegwa","49770","UGA0512649770","2022","352729","50088","106524","183772","Non-endemic","0","0","0","0.0","0","0","0","0","0","0.0","0","0","0","0","Not delivered","1","0"
"Africa","Eastern Africa","AFRO","Uganda","44","UG","UG","UGA","Northern Region","5123","LIRA","49771",null,null,"0","ADM2","LIRA","49771","UGA0512349771","2022","522026","74128","157652","271976","Endemic (under MDA)","71152","71152","68473","96.230000000000004","15","1","1","8","8","96.230000000000004","1","1","8","7","IVM","1","2"
"Africa","Eastern Africa","AFRO","Uganda","44","UG","UG","UGA","Northern Region","5123","Lamwo","49772",null,null,"0","ADM2","Lamwo","49772","UGA0512349772","2022","170462","24206","51480","88811","Endemic (under MDA)","140188","140188","130263","92.920000000000002","12","1","1","8","8","92.920000000000002","1","1","8","3","IVM","1","2"
"Africa","Eastern Africa","AFRO","Uganda","44","UG","UG","UGA","Eastern Region","5125","Luuka","49773",null,null,"0","ADM2","Luuka","49773","UGA0512549773","2022","307044","43600","92727","159970","Non-endemic","0","0","0","0.0","3","0","0","0","0","0.0","0","0","0","0","Not delivered","1","0"
"Africa","Eastern Africa","AFRO","Uganda","44","UG","UG","UGA","Central Region","5124","Luwero","49774",null,null,"0","ADM2","Luwero","49774","UGA0512449774","2022","581086","82514","175488","302746","Non-endemic","0","0","0","0.0","0","0","0","0","0","0.0","0","0","0","0","Not delivered","1","0"
"Africa","Eastern Africa","AFRO","Uganda","44","UG","UG","UGA","Central Region","5124","Lwengo","49775",null,null,"0","ADM2","Lwengo","49775","UGA0512449775","2022","350274","49739","105783","182493","Non-endemic","0","0","0","0.0","0","0","0","0","0","0.0","0","0","0","0","Not delivered","1","0"
"Africa","Eastern Africa","AFRO","Uganda","44","UG","UG","UGA","Central Region","5124","Lyantonde","49776",null,null,"0","ADM2","Lyantonde","49776","UGA0512449776","2022","120259","17077","36318","62655","Non-endemic","0","0","0","0.0","0","0","0","0","0","0.0","0","0","0","0","Not delivered","1","0"
"Africa","Eastern Africa","AFRO","Uganda","44","UG","UG","UGA","Eastern Region","5125","MANAFWA","49777",null,null,"0","ADM2","MANAFWA","49777","UGA0512549777","2022","214014","30390","64632","111501","Endemic (under post-intervention surveillance)","0","0","0","0.0","13","0","0","0","0","0.0","0","0","0","0","Not delivered","1","3"
"Africa","Eastern Africa","AFRO","Uganda","44","UG","UG","UGA","Western Region","5126","MASINDI","49778",null,null,"0","ADM2","MASINDI","49778","UGA0512649778","2022","402900","57212","121676","209911","Endemic (under post-intervention surveillance)","0","0","0","0.0","21","0","0","4","3","0.0","0","0","4","2","Not delivered","1","3"
"Africa","Eastern Africa","AFRO","Uganda","44","UG","UG","UGA","Eastern Region","5125","MAYUGE","49779",null,null,"0","ADM2","MAYUGE","49779","UGA0512549779","2022","609338","86526","184020","317465","Non-endemic","0","0","0","0.0","5","0","0","0","0","0.0","0","0","0","0","Not delivered","1","0"
"Africa","Eastern Africa","AFRO","Uganda","44","UG","UG","UGA","Eastern Region","5125","MBALE","49780",null,null,"0","ADM2","MBALE","49780","UGA0512549780","2022","626668","88987","189254","326494","Endemic (under post-intervention surveillance)","0","0","0","0.0","13","0","0","0","0","0.0","0","0","0","0","Not delivered","1","3"
"Africa","Eastern Africa","AFRO","Uganda","44","UG","UG","UGA","Northern Region","5123","MOROTO","49781",null,null,"0","ADM2","MOROTO","49781","UGA0512349781","2022","132935","18877","40146","69259","Non-endemic","0","0","0","0.0","7","0","0","0","0","0.0","0","0","0","0","Not delivered","1","0"
"Africa","Eastern Africa","AFRO","Uganda","44","UG","UG","UGA","Northern Region","5123","MOYO","49782",null,null,"0","ADM2","MOYO","49782","UGA0512349782","2022","119981","17037","36234","62510","Endemic (under MDA)","92958","92958","90130","96.959999999999994","23","1","1","8","8","96.959999999999994","1","1","8","8","IVM","1","2"
"Africa","Eastern Africa","AFRO","Uganda","44","UG","UG","UGA","Central Region","5124","MUKONO","49783",null,null,"0","ADM2","MUKONO","49783","UGA0512449783","2022","762754","108311","230352","397395","Non-endemic","0","0","0","0.0","0","0","0","0","0","0.0","0","0","0","0","Not delivered","1","0"
"Africa","Eastern Africa","AFRO","Uganda","44","UG","UG","UGA","Northern Region","5123","Maracha/Teregago","49784",null,null,"0","ADM2","Maracha/Teregago","49784","UGA0512349784","2022","236752","33619","71499","123348","Endemic (under post-intervention surveillance)","0","0","0","0.0","13","0","0","0","0","0.0","0","0","0","0","Not delivered","1","3"
"Africa","Eastern Africa","AFRO","Uganda","44","UG","UG","UGA","Central Region","5124","Masaka","49785",null,null,"0","ADM2","Masaka","49785","UGA0512449785","2022","377230","53567","113923","196537","Non-endemic","0","0","0","0.0","0","0","0","0","0","0.0","0","0","0","0","Not delivered","1","0"
"Africa","Eastern Africa","AFRO","Uganda","44","UG","UG","UGA","Western Region","5126","Mbarara","49786",null,null,"0","ADM2","Mbarara","49786","UGA0512649786","2022","439705","62438","132791","229086","Non-endemic","0","0","0","0.0","0","0","0","0","0","0.0","0","0","0","0","Not delivered","1","0"
"Africa","Eastern Africa","AFRO","Uganda","44","UG","UG","UGA","Western Region","5126","Mitooma","49787",null,null,"0","ADM2","Mitooma","49787","UGA0512649787","2022","235917","33500","71247","122913","Endemic (under post-intervention surveillance)","0","0","0","0.0","13","0","0","0","0","0.0","0","0","0","0","Not delivered","1","3"
"Africa","Eastern Africa","AFRO","Uganda","44","UG","UG","UGA","Central Region","5124","Mityana","49788",null,null,"0","ADM2","Mityana","49788","UGA0512449788","2022","421254","59818","127219","219473","Non-endemic","0","0","0","0.0","0","0","0","0","0","0.0","0","0","0","0","Not delivered","1","0"
"Africa","Eastern Africa","AFRO","Uganda","44","UG","UG","UGA","Central Region","5124","Mpigi","49789",null,null,"0","ADM2","Mpigi","49789","UGA0512449789","2022","319834","45416","96590","166634","Non-endemic","0","0","0","0.0","0","0","0","0","0","0.0","0","0","0","0","Not delivered","1","0"
"Africa","Eastern Africa","AFRO","Uganda","44","UG","UG","UGA","Central Region","5124","Mubende","49790",null,null,"0","ADM2","Mubende","49790","UGA0512449790","2022","525893","74677","158820","273990","Non-endemic","0","0","0","0.0","0","0","0","0","0","0.0","0","0","0","0","Not delivered","1","0"
"Africa","Eastern Africa","AFRO","Uganda","44","UG","UG","UGA","Central Region","5124","NAKASONGOLA","49791",null,null,"0","ADM2","NAKASONGOLA","49791","UGA0512449791","2022","231264","32839","69842","120489","Non-endemic","0","0","0","0.0","0","0","0","0","0","0.0","0","0","0","0","Not delivered","1","0"
"Africa","Eastern Africa","AFRO","Uganda","44","UG","UG","UGA","Eastern Region","5125","NAMUTUMBA","49792",null,null,"0","ADM2","NAMUTUMBA","49792","UGA0512549792","2022","322056","45732","97261","167791","Non-endemic","0","0","0","0.0","6","0","0","0","0","0.0","0","0","0","0","Not delivered","1","0"
"Africa","Eastern Africa","AFRO","Uganda","44","UG","UG","UGA","Northern Region","5123","NEBBI","49793",null,null,"0","ADM2","NEBBI","49793","UGA0512349793","2022","301708","42843","91116","157190","Endemic (under post-intervention surveillance)","0","0","0","0.0","21","0","0","5","4","0.0","0","0","5","5","Not delivered","1","3"
"Africa","Eastern Africa","AFRO","Uganda","44","UG","UG","UGA","Northern Region","5123","Nakapiripirit","49794",null,null,"0","ADM2","Nakapiripirit","49794","UGA0512349794","2022","127184","18060","38410","66263","Non-endemic","0","0","0","0.0","7","0","0","0","0","0.0","0","0","0","0","Not delivered","1","0"
"Africa","Eastern Africa","AFRO","Uganda","44","UG","UG","UGA","Central Region","5124","Nakaseke","49795",null,null,"0","ADM2","Nakaseke","49795","UGA0512449795","2022","251410","35700","75926","130985","Non-endemic","0","0","0","0.0","0","0","0","0","0","0.0","0","0","0","0","Not delivered","1","0"
"Africa","Eastern Africa","AFRO","Uganda","44","UG","UG","UGA","Eastern Region","5125","Namaingo","49796",null,null,"0","ADM2","Namaingo","49796","UGA0512549796","2022","283865","40309","85727","147894","Non-endemic","0","0","0","0.0","4","0","0","0","0","0.0","0","0","0","0","Not delivered","1","0"
"Africa","Eastern Africa","AFRO","Uganda","44","UG","UG","UGA","Northern Region","5123","Napak","49797",null,null,"0","ADM2","Napak","49797","UGA0512349797","2022","184669","26223","55770","96213","Non-endemic","0","0","0","0.0","2","0","0","0","0","0.0","0","0","0","0","Not delivered","1","0"
"Africa","Eastern Africa","AFRO","Uganda","44","UG","UG","UGA","Eastern Region","5125","Ngora","49798",null,null,"0","ADM2","Ngora","49798","UGA0512549798","2022","181194","25730","54721","94402","Non-endemic","0","0","0","0.0","2","0","0","0","0","0.0","0","0","0","0","Not delivered","1","0"
"Africa","Eastern Africa","AFRO","Uganda","44","UG","UG","UGA","Western Region","5126","Ntoroko","49799",null,null,"0","ADM2","Ntoroko","49799","UGA0512649799","2022","84468","11994","25509","44008","Non-endemic","0","0","0","0.0","1","0","0","0","0","0.0","0","0","0","0","Not delivered","1","0"
"Africa","Eastern Africa","AFRO","Uganda","44","UG","UG","UGA","Western Region","5126","Ntungamo","49800",null,null,"0","ADM2","Ntungamo","49800","UGA0512649800","2022","622250","88360","187920","324192","Non-endemic","0","0","0","0.0","0","0","0","0","0","0.0","0","0","0","0","Not delivered","1","0"
"Africa","Eastern Africa","AFRO","Uganda","44","UG","UG","UGA","Northern Region","5123","Nwoya","49801",null,null,"0","ADM2","Nwoya","49801","UGA0512349801","2022","162889","23130","49192","84865","Endemic (under MDA)","190389","190389","174912","91.870000000000005","23","1","1","8","8","91.870000000000005","1","1","8","7","IVM","1","2"
"Africa","Eastern Africa","AFRO","Uganda","44","UG","UG","UGA","Northern Region","5123","OYAM","49802",null,null,"0","ADM2","OYAM","49802","UGA0512349802","2022","493410","70064","149010","257067","Endemic (under MDA)","25635","25635","22231","86.719999999999999","23","1","1","8","8","86.719999999999999","1","1","8","7","IVM","1","2"
"Africa","Eastern Africa","AFRO","Uganda","44","UG","UG","UGA","Northern Region","5123","Otuke","49803",null,null,"0","ADM2","Otuke","49803","UGA0512349803","2022","134306","19071","40560","69973","Non-endemic","0","0","0","0.0","2","0","0","0","0","0.0","0","0","0","0","Not delivered","1","0"
"Africa","Eastern Africa","AFRO","Uganda","44","UG","UG","UGA","Eastern Region","5125","PALLISA","49804",null,null,"0","ADM2","PALLISA","49804","UGA0512549804","2022","307473","43661","92857","160193","Non-endemic","0","0","0","0.0","7","0","0","0","0","0.0","0","0","0","0","Not delivered","1","0"
"Africa","Eastern Africa","AFRO","Uganda","44","UG","UG","UGA","Northern Region","5123","Pader","49805",null,null,"0","ADM2","Pader","49805","UGA0512349805","2022","233639","33177","70559","121726","Endemic (under MDA)","187485","187485","181352","96.730000000000004","12","1","1","8","8","96.730000000000004","1","1","8","7","IVM","1","2"
"Africa","Eastern Africa","AFRO","Uganda","44","UG","UG","UGA","Western Region","5126","RUKUNGIRI","49806",null,null,"0","ADM2","RUKUNGIRI","49806","UGA0512649806","2022","407651","57886","123111","212386","Non-endemic","0","0","0","0.0","0","0","0","0","0","0.0","0","0","0","0","Not delivered","1","0"
"Africa","Eastern Africa","AFRO","Uganda","44","UG","UG","UGA","Central Region","5124","Rakai","49807",null,null,"0","ADM2","Rakai","49807","UGA0512449807","2022","452827","64301","136754","235923","Non-endemic","0","0","0","0.0","0","0","0","0","0","0.0","0","0","0","0","Not delivered","1","0"
"Africa","Eastern Africa","AFRO","Uganda","44","UG","UG","UGA","Western Region","5126","Rubirizi","49808",null,null,"0","ADM2","Rubirizi","49808","UGA0512649808","2022","164403","23345","49650","85654","Non-endemic","0","0","0","0.0","15","0","0","0","0","0.0","0","0","0","0","Not delivered","1","0"
"Africa","Eastern Africa","AFRO","Uganda","44","UG","UG","UGA","Eastern Region","5125","SIRONKO","49809",null,null,"0","ADM2","SIRONKO","49809","UGA0512549809","2022","313641","44537","94720","163407","Endemic (under post-intervention surveillance)","0","0","0","0.0","13","0","0","0","0","0.0","0","0","0","0","Not delivered","1","3"
"Africa","Eastern Africa","AFRO","Uganda","44","UG","UG","UGA","Eastern Region","5125","SOROTI","49810",null,null,"0","ADM2","SOROTI","49810","UGA0512549810","2022","377875","53658","114118","196873","Non-endemic","0","0","0","0.0","6","0","0","0","0","0.0","0","0","0","0","Not delivered","1","0"
"Africa","Eastern Africa","AFRO","Uganda","44","UG","UG","UGA","Central Region","5124","Sembabule","49811",null,null,"0","ADM2","Sembabule","49811","UGA0512449811","2022","321720","45684","97159","167616","Non-endemic","0","0","0","0.0","0","0","0","0","0","0.0","0","0","0","0","Not delivered","1","0"
"Africa","Eastern Africa","AFRO","Uganda","44","UG","UG","UGA","Eastern Region","5125","Serere","49812",null,null,"0","ADM2","Serere","49812","UGA0512549812","2022","360680","51217","108925","187914","Non-endemic","0","0","0","0.0","3","0","0","0","0","0.0","0","0","0","0","Not delivered","1","0"
"Africa","Eastern Africa","AFRO","Uganda","44","UG","UG","UGA","Western Region","5126","Sheema","49813",null,null,"0","ADM2","Sheema","49813","UGA0512649813","2022","269231","38231","81308","140269","Non-endemic","0","0","0","0.0","0","0","0","0","0","0.0","0","0","0","0","Not delivered","1","0"
"Africa","Eastern Africa","AFRO","Uganda","44","UG","UG","UGA","Eastern Region","5125","Tororo","49814",null,null,"0","ADM2","Tororo","49814","UGA0512549814","2022","669372","95051","202150","348743","Non-endemic","0","0","0","0.0","5","0","0","0","0","0.0","0","0","0","0","Not delivered","1","0"
"Africa","Eastern Africa","AFRO","Uganda","44","UG","UG","UGA","Central Region","5124","WAKISO","49815",null,null,"0","ADM2","WAKISO","49815","UGA0512449815","2022","2553090","362539","771033","1330160","Non-endemic","0","0","0","0.0","0","0","0","0","0","0.0","0","0","0","0","Not delivered","1","0"
"Africa","Eastern Africa","AFRO","Uganda","44","UG","UG","UGA","Northern Region","5123","YUMBE","49816",null,null,"0","ADM2","YUMBE","49816","UGA0512349816","2022","617484","87683","186480","321709","Endemic (under post-intervention surveillance)","0","0","0","0.0","16","0","0","2","1","0.0","0","0","2","0","Not delivered","1","3"
"Africa","Eastern Africa","AFRO","Uganda","44","UG","UG","UGA","Northern Region","5123","Zombo","49817",null,null,"0","ADM2","Zombo","49817","UGA0512349817","2022","305666","43405","92311","159252","Endemic (under post-intervention surveillance)","0","0","0","0.0","21","0","0","5","5","0.0","0","0","5","4","Not delivered","1","3"
"Africa","Eastern Africa","AFRO","Uganda","44","UG","UG","UGA","Northern Region","5123","OMORO","49818",null,null,"0","ADM2","OMORO","49818","UGA0512349818","2022","210638","29911","63613","109742","Endemic (under MDA)","177736","177736","170453","95.900000000000006","23","1","1","8","7","95.900000000000006","1","1","8","3","IVM","1","2"
"Africa","Eastern Africa","AFRO","Uganda","44","UG","UG","UGA","Western Region","5126","KAKUMIRO","49819",null,null,"0","ADM2","KAKUMIRO","49819","UGA0512649819","2022","376881","53517","113818","196355","Non-endemic","0","0","0","0.0","0","0","0","0","0","0.0","0","0","0","0","Not delivered","1","0"
"Africa","Eastern Africa","AFRO","Uganda","44","UG","UG","UGA","Western Region","5126","KIBAALE","49820",null,null,"0","ADM2","KIBAALE","49820","UGA0512649820","2022","177430","25195","53584","92441","Endemic (under post-intervention surveillance)","0","0","0","0.0","0","0","0","0","0","0.0","0","0","0","0","Not delivered","1","3"
"Africa","Eastern Africa","AFRO","Uganda","44","UG","UG","UGA","Western Region","5126","RUBANDA","49821",null,null,"0","ADM2","RUBANDA","49821","UGA0512649821","2022","253843","36046","76661","132252","Endemic (under post-intervention surveillance)","0","0","0","0.0","3","0","0","2","2","0.0","0","0","2","1","Not delivered","1","3"
"Africa","Eastern Africa","AFRO","Uganda","44","UG","UG","UGA","Central Region","5124","Kyotera","49823",null,null,"0","ADM2","Kyotera","49823","UGA0512449823","2022","205904","29238","62183","107276","Non-endemic","0","0","0","0.0","0","0","0","0","0","0.0","0","0","0","0","Not delivered","1","0"
"Africa","Eastern Africa","AFRO","Uganda","44","UG","UG","UGA","Eastern Region","5125","Butebo","49824",null,null,"0","ADM2","Butebo","49824","UGA0512549824","2022","183477","26054","55410","95592","Non-endemic","0","0","0","0.0","7","0","0","0","0","0.0","0","0","0","0","Not delivered","1","0"
"Africa","Eastern Africa","AFRO","Uganda","44","UG","UG","UGA","Northern Region","5123","Nabilatuk","49826",null,null,"0","ADM2","Nabilatuk","49826","UGA0512349826","2022","88606","12582","26759","46164","Non-endemic","0","0","0","0.0","7","0","0","0","0","0.0","0","0","0","0","Not delivered","1","0"
"Africa","Eastern Africa","AFRO","Uganda","44","UG","UG","UGA","Northern Region","5123","Pakwach","49827",null,null,"0","ADM2","Pakwach","49827","UGA0512349827","2022","188156","26718","56823","98029","Endemic (under post-intervention surveillance)","0","0","0","0.0","20","0","0","4","3","0.0","0","0","4","4","Not delivered","1","3"
"Africa","Eastern Africa","AFRO","Uganda","44","UG","UG","UGA","Western Region","5126","Bunyangabu","49828",null,null,"0","ADM2","Bunyangabu","49828","UGA0512649828","2022","217824","30931","65783","113486","Endemic (under post-intervention surveillance)","0","0","0","0.0","13","0","0","0","0","0.0","0","0","0","0","Not delivered","1","3"
"Africa","Eastern Africa","AFRO","Uganda","44","UG","UG","UGA","Western Region","5126","Rukiga","49829",null,null,"0","ADM2","Rukiga","49829","UGA0512649829","2022","129758","18426","39187","67604","Non-endemic","0","0","0","0.0","16","0","0","0","0","0.0","0","0","0","0","Not delivered","1","0"
"Africa","Eastern Africa","AFRO","Uganda","44","UG","UG","UGA","Central Region","5124","Kassanda","49830",null,null,"0","ADM2","Kassanda","49830","UGA0512449830","2022","350039","49706","105712","182370","Non-endemic","0","0","0","0.0","0","0","0","0","0","0.0","0","0","0","0","Not delivered","1","0"
"Africa","Eastern Africa","AFRO","Uganda","44","UG","UG","UGA","Eastern Region","5125","Kapelebyong","49832",null,null,"0","ADM2","Kapelebyong","49832","UGA0512549832","2022","111391","15818","33640","58035","Non-endemic","0","0","0","0.0","7","0","0","0","0","0.0","0","0","0","0","Not delivered","1","0"
"Africa","Eastern Africa","AFRO","Uganda","44","UG","UG","UGA","Eastern Region","5125","Bugweri","49833",null,null,"0","ADM2","Bugweri","49833","UGA0512549833","2022","214740","30493","64851","111880","Non-endemic","0","0","0","0.0","6","0","0","0","0","0.0","0","0","0","0","Not delivered","1","0"
"Africa","Eastern Africa","AFRO","Uganda","44","UG","UG","UGA","Eastern Region","5125","Namisindwa","49834",null,null,"0","ADM2","Namisindwa","49834","UGA0512549834","2022","234707","33328","70882","122282","Non-endemic","0","0","0","0.0","13","0","0","0","0","0.0","0","0","0","0","Not delivered","1","0"
"Africa","Eastern Africa","AFRO","Uganda","44","UG","UG","UGA","Northern Region","5123","Kwania","49835",null,null,"0","ADM2","Kwania","49835","UGA0512349835","2022","233228","33118","70435","121512","Non-endemic","0","0","0","0.0","6","0","0","0","0","0.0","0","0","0","0","Not delivered","1","0"
"Africa","Eastern Africa","AFRO","Uganda","44","UG","UG","UGA","Northern Region","5123","MadI-Okollo","49836",null,null,"0","ADM2","MadI-Okollo","49836","UGA0512349836","2022","176348","25041","53257","91877","Endemic (under post-intervention surveillance)","0","0","0","0.0","21","0","0","5","3","0.0","0","0","5","4","Not delivered","1","3"
"Africa","Eastern Africa","AFRO","Uganda","44","UG","UG","UGA","Northern Region","5123","Karenga","49837",null,null,"0","ADM2","Karenga","49837","UGA0512349837","2022","74798","10621","22589","38970","Non-endemic","0","0","0","0.0","6","0","0","0","0","0.0","0","0","0","0","Not delivered","1","0"
"Africa","Eastern Africa","AFRO","Uganda","44","UG","UG","UGA","Northern Region","5123","Obongi","49838",null,null,"0","ADM2","Obongi","49838","UGA0512349838","2022","54861","7790","16568","28583","Endemic (under post-intervention surveillance)","0","0","0","0.0","20","0","0","5","5","0.0","0","0","5","5","Not delivered","1","3"
"Africa","Eastern Africa","AFRO","Uganda","44","UG","UG","UGA","Western Region","5126","Kikuube","49839",null,null,"0","ADM2","Kikuube","49839","UGA0512649839","2022","337276","47893","101857","175721","Endemic (under post-intervention surveillance)","0","0","0","0.0","21","0","0","4","3","0.0","0","0","4","2","Not delivered","1","3"
"Africa","Eastern Africa","AFRO","Uganda","44","UG","UG","UGA","Western Region","5126","Kitagwenda","49840",null,null,"0","ADM2","Kitagwenda","49840","UGA0512649840","2022","185139","26290","55912","96457","Endemic (under post-intervention surveillance)","0","0","0","0.0","15","0","0","0","0","0.0","0","0","0","0","Not delivered","1","3"
"Africa","Eastern Africa","AFRO","Uganda","44","UG","UG","UGA","Western Region","5126","Kazo","49841",null,null,"0","ADM2","Kazo","49841","UGA0512649841","2022","224902","31936","67920","117174","Non-endemic","0","0","0","0.0","0","0","0","0","0","0.0","0","0","0","0","Not delivered","1","0"
"Africa","Eastern Africa","AFRO","Uganda","44","UG","UG","UGA","Western Region","5126","Rwampara","49842",null,null,"0","ADM2","Rwampara","49842","UGA0512649842","2022","163235","23179","49297","85045","Non-endemic","0","0","0","0.0","0","0","0","0","0","0.0","0","0","0","0","Not delivered","1","0"
"Africa","Eastern Africa","AFRO","Uganda","44","UG","UG","UGA","Eastern Region","5125","KALAKI","49843",null,null,"0","ADM2","KALAKI","49843","UGA0512549843","2022","139345","19787","42082","72599","Non-endemic","0","0","0","0.0","7","0","0","0","0","0.0","0","0","0","0","Not delivered","1","0"